{
  "schema_version": 1,
  "timestamp_unix": 1779712028,
  "env": {
    "os": "linux",
    "arch": "x86_64",
    "rayon_threads": 32,
    "pow_version": "0.1.0"
  },
  "config": {
    "backend": "Mb",
    "target_secs": 60,
    "runs_per_n": 30,
    "threads": 32,
    "start": 6,
    "max": 10,
    "calibrate_seconds": 2
  },
  "calibration": {
    "sha_ni_single_hps": 56192499,
    "sha_ni_parallel_hps": 1208749212,
    "mb_parallel_hps": 178081916
  },
  "results": [
    {
      "n_zeros": 6,
      "runs": 30,
      "elapsed_secs": [0.074934236, 0.053443424, 0.014258117, 0.018974448, 0.028308461, 0.004048035, 0.165931156, 0.087068472, 0.033336753, 0.177401808, 0.037754037, 0.081774509, 0.013110395, 0.188607926, 0.12163291, 0.004411252, 0.044090965, 0.03988437, 0.011638677, 0.138107485, 0.009964298, 0.017614233, 0.339523676, 0.11583838, 0.088618489, 0.029783495, 0.060789264, 0.31329842, 0.10968631, 0.067189724],
      "attempts": [13119518, 9092903, 2490706, 3175510, 4920340, 689023, 29233714, 15300980, 5667164, 30085807, 6375841, 13975014, 2306133, 32361281, 20995015, 760927, 7484945, 6855839, 1988050, 23644067, 1680743, 2929101, 59538355, 19809629, 15275323, 5114946, 10401078, 53512044, 19340814, 11561330],
      "stats": {
        "mean_elapsed": 0.08303412416666665,
        "median_elapsed": 0.053443424,
        "p95_elapsed": 0.31329842,
        "p99_elapsed": 0.339523676,
        "min_elapsed": 0.004048035,
        "max_elapsed": 0.339523676,
        "stddev_elapsed": 0.08476457007984554,
        "mean_attempts": 14322871.333333334,
        "effective_hps": 172493796.7019965
      }
    },
    {
      "n_zeros": 7,
      "runs": 30,
      "elapsed_secs": [0.845156731, 5.160087864, 3.370395819, 0.901906543, 3.123988078, 1.7710405040000001, 0.045749595, 0.865425026, 1.12372109, 1.889330557, 3.361132286, 0.961739233, 0.090719882, 0.814700395, 1.261229012, 1.151036446, 1.000101408, 0.011048874, 2.798220034, 1.164012582, 0.357409281, 0.674063694, 1.534354263, 0.502565531, 5.712939584, 0.935416555, 3.301278156, 1.1053917580000001, 1.405557151, 2.01525528],
      "attempts": [143720402, 884779885, 593290390, 154479857, 537519593, 304655713, 7757837, 148179160, 192641727, 323977870, 576143940, 166547355, 15571322, 143260419, 221248375, 197618888, 175624616, 1795871, 478858505, 199911510, 62909079, 118884525, 262869576, 85813675, 1002112097, 164312111, 566291560, 188828974, 240254735, 342834903],
      "stats": {
        "mean_elapsed": 1.6418324404000002,
        "median_elapsed": 1.12372109,
        "p95_elapsed": 5.160087864,
        "p99_elapsed": 5.712939584,
        "min_elapsed": 0.011048874,
        "max_elapsed": 5.712939584,
        "stddev_elapsed": 1.413950305815085,
        "mean_attempts": 283423149,
        "effective_hps": 172626110.93915865
      }
    },
    {
      "n_zeros": 8,
      "runs": 5,
      "elapsed_secs": [18.024230454, 106.36269661, 1.884776731, 27.603125935, 46.563764122],
      "attempts": [3091327161, 18724882432, 323903278, 4760461822, 8070747362],
      "stats": {
        "mean_elapsed": 40.0877187704,
        "median_elapsed": 27.603125935,
        "p95_elapsed": 106.36269661,
        "p99_elapsed": 106.36269661,
        "min_elapsed": 1.884776731,
        "max_elapsed": 106.36269661,
        "stddev_elapsed": 40.42412400552067,
        "mean_attempts": 6994264411,
        "effective_hps": 174473994.1691177
      }
    },
    {
      "n_zeros": 9,
      "runs": 1,
      "elapsed_secs": [413.069770845],
      "attempts": [70752947076],
      "stats": {
        "mean_elapsed": 413.069770845,
        "median_elapsed": 413.069770845,
        "p95_elapsed": 413.069770845,
        "p99_elapsed": 413.069770845,
        "min_elapsed": 413.069770845,
        "max_elapsed": 413.069770845,
        "stddev_elapsed": 0,
        "mean_attempts": 70752947076,
        "effective_hps": 171285705.3937004
      }
    }
  ],
  "max_n_under_target": 8
}
