{
  "schema_version": 1,
  "timestamp_unix": 1779711324,
  "env": {
    "os": "linux",
    "arch": "x86_64",
    "rayon_threads": 32,
    "pow_version": "0.1.0"
  },
  "config": {
    "target_secs": 60,
    "runs_per_n": 30,
    "threads": 32,
    "start": 6,
    "max": 10,
    "calibrate_seconds": 2
  },
  "calibration": {
    "sha_ni_single_hps": 56297719,
    "sha_ni_parallel_hps": 1206885002
  },
  "results": [
    {
      "n_zeros": 6,
      "runs": 30,
      "elapsed_secs": [0.17516537, 0.071565461, 0.067365753, 0.049434214, 0.001318864, 0.10738694, 0.003344228, 0.048680124, 0.026238522, 0.013417798, 0.017317693, 0.007758871, 0.007282825, 0.030829559, 0.104272749, 0.069807944, 0.022894696, 0.045420868, 0.062785339, 0.035768009, 0.021514577, 0.048529723, 0.00944682, 0.015439075, 0.032039598, 0.00084433, 0.068675892, 0.074047017, 0.118729955, 0.012452311],
      "attempts": [69207776, 29339256, 26581999, 19658412, 374859, 43310588, 1207988, 18717075, 10302219, 5277863, 6747537, 2996084, 2767662, 12137985, 41168203, 28578448, 8996734, 17854619, 25567984, 14087434, 8755433, 19816706, 3660085, 5839411, 12221437, 256227, 27548317, 28939462, 47141779, 4840779],
      "stats": {
        "mean_elapsed": 0.04565917083333334,
        "median_elapsed": 0.032039598,
        "p95_elapsed": 0.118729955,
        "p99_elapsed": 0.17516537,
        "min_elapsed": 0.00084433,
        "max_elapsed": 0.17516537,
        "stddev_elapsed": 0.04092421118863979,
        "mean_attempts": 18130012.033333335,
        "effective_hps": 397072739.22060746
      }
    },
    {
      "n_zeros": 7,
      "runs": 30,
      "elapsed_secs": [3.34916045, 0.795591478, 0.064138395, 0.373099368, 0.107921417, 1.561927389, 0.039829237, 0.35066623, 0.069474802, 0.355716112, 0.709717952, 0.778433381, 1.147908659, 0.125859451, 0.903685561, 0.352227435, 0.086877079, 0.817544044, 0.053702724, 2.543873624, 0.703698253, 1.046960235, 0.556280424, 0.501657964, 2.2280583529999998, 0.03283717, 0.403718864, 0.56265745, 0.353761402, 0.541456555],
      "attempts": [1314168827, 311370228, 24259429, 150886505, 43789747, 612826321, 15503232, 141856465, 27254689, 139152341, 286652939, 314708258, 449227988, 51050022, 367086431, 143153312, 34083607, 320506748, 21652195, 1033422971, 286298396, 411795019, 225649353, 203147177, 904740345, 12803292, 158370985, 221278254, 139112655, 212973023],
      "stats": {
        "mean_elapsed": 0.7172813819333334,
        "median_elapsed": 0.501657964,
        "p95_elapsed": 2.543873624,
        "p99_elapsed": 3.34916045,
        "min_elapsed": 0.03283717,
        "max_elapsed": 3.34916045,
        "stddev_elapsed": 0.7837841281762117,
        "mean_attempts": 285959358.46666664,
        "effective_hps": 398671101.2851087
      }
    },
    {
      "n_zeros": 8,
      "runs": 20,
      "elapsed_secs": [16.769762576, 1.333219652, 1.173035349, 8.409777393, 6.023480148, 0.159632561, 6.88627678, 35.891711622, 24.342684405, 0.950866367, 7.232599933, 1.733126562, 0.443098059, 17.536881774, 2.533200438, 13.844346404, 1.826964857, 1.554608478, 17.231789934, 34.734764036],
      "attempts": [6877892957, 525592573, 482620682, 3451378277, 2378742488, 61994742, 2720366910, 14720113927, 9992272904, 390500996, 2857117396, 686082148, 175310951, 6928729136, 1040119904, 5465819643, 722730458, 613744028, 7067383051, 13695251551],
      "stats": {
        "mean_elapsed": 10.0305913664,
        "median_elapsed": 6.023480148,
        "p95_elapsed": 34.734764036,
        "p99_elapsed": 35.891711622,
        "min_elapsed": 0.159632561,
        "max_elapsed": 35.891711622,
        "stddev_elapsed": 11.188787522431186,
        "mean_attempts": 4042688236.1,
        "effective_hps": 403035881.7768218
      }
    },
    {
      "n_zeros": 9,
      "runs": 1,
      "elapsed_secs": [255.183513497],
      "attempts": [103578162797],
      "stats": {
        "mean_elapsed": 255.183513497,
        "median_elapsed": 255.183513497,
        "p95_elapsed": 255.183513497,
        "p99_elapsed": 255.183513497,
        "min_elapsed": 255.183513497,
        "max_elapsed": 255.183513497,
        "stddev_elapsed": 0,
        "mean_attempts": 103578162797,
        "effective_hps": 405896765.7337224
      }
    }
  ],
  "max_n_under_target": 8
}
