{
  "schema_version": 1,
  "timestamp_unix": 1779715849,
  "env": {
    "os": "linux",
    "arch": "x86_64",
    "rayon_threads": 1,
    "pow_version": "0.1.0",
    "python_version": "3.12.3",
    "python_impl": "cpython"
  },
  "config": {
    "backend": "Python",
    "target_secs": 60.0,
    "runs_per_n": 30,
    "threads": 1,
    "start": 4,
    "max": 7,
    "calibrate_seconds": 2.0
  },
  "calibration": {
    "python_single_hps": 1729942
  },
  "results": [
    {
      "n_zeros": 4,
      "runs": 30,
      "elapsed_secs": [
        0.08824455500143813,
        0.015353853999840794,
        0.02539784399778,
        0.09576649299924611,
        0.018269710999447852,
        0.00015299000006052665,
        0.09734420299719204,
        0.06453333800163819,
        0.01018662999922526,
        0.0956993350009725,
        0.11305461499796365,
        0.16720344799978193,
        0.032216990999586415,
        0.011374210997018963,
        0.044416826000087894,
        0.16902809699968202,
        0.0349737760006974,
        0.06237130000226898,
        0.02596209299736074,
        0.0031498099997406825,
        0.07826193199798581,
        0.1682094349998806,
        0.023003235000942368,
        0.0005177909988560714,
        0.07054256899937172,
        0.02445100899785757,
        0.03532218699911027,
        0.0288752550004574,
        0.035852641998644685,
        0.06077633600216359
      ],
      "attempts": [
        120280,
        20036,
        33384,
        130754,
        23980,
        192,
        128934,
        86692,
        13841,
        124614,
        149378,
        216757,
        42455,
        15218,
        57902,
        222114,
        47334,
        82043,
        34396,
        4172,
        105748,
        220955,
        31562,
        685,
        96919,
        32970,
        47296,
        39579,
        47327,
        80096
      ],
      "stats": {
        "mean_elapsed": 0.056683750366210005,
        "median_elapsed": 0.03532218699911027,
        "p95_elapsed": 0.1682094349998806,
        "p99_elapsed": 0.16902809699968202,
        "min_elapsed": 0.00015299000006052665,
        "max_elapsed": 0.16902809699968202,
        "stddev_elapsed": 0.04931036180222423,
        "mean_attempts": 75253.76666666666,
        "effective_hps": 1327607.403894124
      }
    },
    {
      "n_zeros": 5,
      "runs": 30,
      "elapsed_secs": [
        0.7985526560005383,
        0.05839313999967999,
        0.4827006120031001,
        1.4095852689970343,
        0.4558927489997586,
        0.2402039299995522,
        1.1769539730012184,
        0.2103177390017663,
        0.17239499199786223,
        0.4735481700008677,
        0.47579202400083886,
        1.57055830399986,
        1.5529357260020333,
        0.30482413999925484,
        1.5077319769989117,
        0.28188862499882816,
        0.9804366099997424,
        0.35036005200163345,
        0.170861900998716,
        2.485490668001148,
        1.7438234299988835,
        0.7937767680014076,
        0.7700254560004396,
        1.209050795998337,
        0.5526965409990225,
        2.4655302509963803,
        0.3697378979995847,
        0.6596181739987514,
        0.07896464100122103,
        0.5816045879982994
      ],
      "attempts": [
        1043941,
        77626,
        635523,
        1930870,
        595848,
        315309,
        1562191,
        275238,
        226027,
        630634,
        623148,
        2149713,
        2129331,
        401011,
        2027133,
        380625,
        1305036,
        462306,
        224058,
        3256248,
        2294062,
        1039742,
        1009856,
        1592767,
        756336,
        3235492,
        484823,
        899546,
        102624,
        759512
      ],
      "stats": {
        "mean_elapsed": 0.8128083933331557,
        "median_elapsed": 0.5526965409990225,
        "p95_elapsed": 2.4655302509963803,
        "p99_elapsed": 2.485490668001148,
        "min_elapsed": 0.05839313999967999,
        "max_elapsed": 2.485490668001148,
        "stddev_elapsed": 0.6658611417960375,
        "mean_attempts": 1080885.8666666667,
        "effective_hps": 1329816.3202205403
      }
    },
    {
      "n_zeros": 6,
      "runs": 13,
      "elapsed_secs": [
        8.219619400999363,
        6.569524455000646,
        3.843060498998966,
        5.916296045001218,
        2.130609629999526,
        23.651310247001675,
        19.155147893001413,
        25.384514400000626,
        40.44602617399869,
        5.327855462997832,
        2.406287812998926,
        10.4380845759988,
        40.911155359000986
      ],
      "attempts": [
        10772638,
        8615363,
        5142780,
        7789836,
        2852545,
        31344485,
        25036952,
        34103547,
        53914364,
        7250865,
        3196893,
        13735871,
        56058508
      ],
      "stats": {
        "mean_elapsed": 14.953807073461435,
        "median_elapsed": 8.219619400999363,
        "p95_elapsed": 40.911155359000986,
        "p99_elapsed": 40.911155359000986,
        "min_elapsed": 2.130609629999526,
        "max_elapsed": 40.911155359000986,
        "stddev_elapsed": 13.788372958663969,
        "mean_attempts": 19985742.076923076,
        "effective_hps": 1336498.5905423262
      }
    },
    {
      "n_zeros": 7,
      "runs": 5,
      "elapsed_secs": [
        71.88877310799944,
        20.12427965200186,
        2.8000236330008192,
        76.54199268400043,
        176.7894411899979
      ],
      "attempts": [
        98193260,
        26457986,
        3687067,
        101631130,
        232441681
      ],
      "stats": {
        "mean_elapsed": 69.62890205340008,
        "median_elapsed": 71.88877310799944,
        "p95_elapsed": 176.7894411899979,
        "p99_elapsed": 176.7894411899979,
        "min_elapsed": 2.8000236330008192,
        "max_elapsed": 176.7894411899979,
        "stddev_elapsed": 67.92106745577941,
        "mean_attempts": 92482224.8,
        "effective_hps": 1328216.0435198755
      }
    }
  ],
  "max_n_under_target": 6
}
